{
    "version": "8.1.0",
    "restructuringDone": false,
    "tables": {
        "tt_content": {
            "elements": {
                "accordion_galary": {
                    "color": "#000000",
                    "colorOverlay": "#000000",
                    "columns": [
                        "tx_mask_acc",
                        "tx_mask_text",
                        "tx_mask_img"
                    ],
                    "description": "",
                    "descriptions": [
                        "",
                        "",
                        ""
                    ],
                    "icon": "",
                    "iconOverlay": "",
                    "key": "accordion_galary",
                    "label": "Accordion_Galary",
                    "labels": [
                        "",
                        "",
                        ""
                    ],
                    "shortLabel": "",
                    "sorting": 1
                }
            },
            "sql": {
                "tx_mask_acc": {
                    "tt_content": {
                        "tx_mask_acc": "int(11) unsigned DEFAULT '0' NOT NULL"
                    }
                },
                "tx_mask_img": {
                    "tt_content": {
                        "tx_mask_img": "int(11) unsigned DEFAULT '0' NOT NULL"
                    }
                },
                "tx_mask_text": {
                    "tt_content": {
                        "tx_mask_text": "mediumtext"
                    }
                }
            },
            "tca": {
                "tx_mask_acc": {
                    "config": {
                        "appearance": {
                            "enabledControls": {
                                "delete": 1,
                                "dragdrop": 1,
                                "hide": 1,
                                "info": 1,
                                "localize": 1,
                                "new": 1,
                                "sort": 1
                            },
                            "levelLinksPosition": "top",
                            "showAllLocalizationLink": 1,
                            "showNewRecordLink": 1,
                            "showPossibleLocalizationRecords": 1,
                            "useSortable": 1
                        },
                        "foreign_sortby": "sorting",
                        "foreign_table": "tt_content",
                        "overrideChildTca": {
                            "columns": {
                                "colPos": {
                                    "config": {
                                        "default": 999
                                    }
                                }
                            }
                        },
                        "type": "inline"
                    },
                    "fullKey": "tx_mask_acc",
                    "key": "acc",
                    "type": "content"
                },
                "tx_mask_img": {
                    "config": {
                        "appearance": {
                            "elementBrowserEnabled": 1,
                            "enabledControls": {
                                "delete": 1,
                                "dragdrop": 1,
                                "hide": 1,
                                "info": 1,
                                "localize": 1,
                                "sort": 0
                            },
                            "fileByUrlAllowed": 1,
                            "fileUploadAllowed": 1,
                            "useSortable": 1
                        },
                        "minitems": ""
                    },
                    "fullKey": "tx_mask_img",
                    "key": "img",
                    "onlineMedia": [
                        "youtube",
                        "vimeo"
                    ],
                    "type": "media"
                },
                "tx_mask_text": {
                    "config": {
                        "nullable": 0,
                        "type": "text",
                        "wrap": "virtual"
                    },
                    "fullKey": "tx_mask_text",
                    "key": "text",
                    "type": "text"
                }
            }
        }
    }
}
