{
    "version": "8.1.0",
    "restructuringDone": false,
    "tables": {
        "tt_content": {
            "elements": {
                "large_slider": {
                    "color": "#000000",
                    "colorOverlay": "#000000",
                    "columns": [
                        "tx_mask_slider"
                    ],
                    "description": "",
                    "descriptions": [
                        ""
                    ],
                    "icon": "",
                    "iconOverlay": "",
                    "key": "large_slider",
                    "label": "Large_Slider",
                    "labels": [
                        ""
                    ],
                    "shortLabel": "",
                    "sorting": 0
                }
            },
            "sql": {
                "tx_mask_slider": {
                    "tt_content": {
                        "tx_mask_slider": "int(11) unsigned DEFAULT '0' NOT NULL"
                    }
                }
            },
            "tca": {
                "tx_mask_slider": {
                    "config": {
                        "appearance": {
                            "enabledControls": {
                                "delete": 1,
                                "dragdrop": 1,
                                "hide": 1,
                                "info": 1,
                                "localize": 1,
                                "new": 1,
                                "sort": 1
                            },
                            "levelLinksPosition": "top",
                            "showAllLocalizationLink": 1,
                            "showNewRecordLink": 1,
                            "showPossibleLocalizationRecords": 1,
                            "useSortable": 1
                        },
                        "foreign_field": "parentid",
                        "foreign_sortby": "sorting",
                        "foreign_table": "--inlinetable--",
                        "foreign_table_field": "parenttable",
                        "type": "inline"
                    },
                    "fullKey": "tx_mask_slider",
                    "key": "slider",
                    "type": "inline"
                }
            }
        },
        "tx_mask_slider": {
            "sql": {
                "tx_mask_img": {
                    "tx_mask_slider": {
                        "tx_mask_img": "int(11) unsigned DEFAULT '0' NOT NULL"
                    }
                }
            },
            "tca": {
                "tx_mask_img": {
                    "config": {
                        "appearance": {
                            "elementBrowserEnabled": 1,
                            "enabledControls": {
                                "delete": 1,
                                "dragdrop": 1,
                                "hide": 1,
                                "info": 1,
                                "localize": 1,
                                "sort": 0
                            },
                            "fileByUrlAllowed": 1,
                            "fileUploadAllowed": 1,
                            "useSortable": 1
                        },
                        "minitems": "1"
                    },
                    "fullKey": "tx_mask_img",
                    "inlineParent": "tx_mask_slider",
                    "key": "img",
                    "onlineMedia": [
                        "youtube",
                        "vimeo"
                    ],
                    "order": 1,
                    "type": "media"
                }
            }
        }
    }
}
